<beans xmlns="http://www.springframework.org/schema/beans"
     xmlns:xsi="http://www.w3.org/2001/XMLSchema-instance"
     xsi:schemaLocation="http://www.springframework.org/schema/beans
http://www.springframework.org/schema/beans/spring-beans-4.0.xsd">

 
<bean id="emp" class="com.cg.spring.lab1.q1.Employee">
 
<constructor-arg value="12345" type="int"></constructor-arg>

<constructor-arg value="Harriet" type="java.lang.String"></constructor-arg>

<constructor-arg value ="40000" type ="double"></constructor-arg>

<constructor-arg value="PES-BU" type="java.lang.String"></constructor-arg>

<constructor-arg value ="30" type ="int"></constructor-arg>

</bean>
</beans>